year,value
2020/2021,4.5054001761939935
2021/2022,4.016437813498999
2022/2023,3.841947510769011
2023/2024,4.119819937563987
