year,frequency,percentage
2020/2021,At least once a week,71.3
2021/2022,At least once a week,69.39999999999999
2020/2021,Once or twice a month,11.1
2021/2022,Once or twice a month,11.4
2020/2021,Less than once a month,13.6
2021/2022,Less than once a month,14.000000000000002
2020/2021,Never,4.0
2021/2022,Never,5.2
