year,value
2020/2021,49.72451716604281
2021/2022,49.23375623098009
2022/2023,50.08826722170878
