year,value
2021,42.82203703893722
2022,45.28061719381632
2023,41.05190357557565
