assessment_period,status,percent
Long term (1967-2008 to 2015-2020),Declining,33.333333333333336
Long term (1967-2008 to 2015-2020),Increasing,56.25
Long term (1967-2008 to 2015-2020),Stable,10.416666666666666
Short term (2009-2014 to 2015-2020),Declining,21.568627450980397
Short term (2009-2014 to 2015-2020),Increasing,56.86274509803921
Short term (2009-2014 to 2015-2020),Stable,21.568627450980397
