time_period,assessment,percentage
Long term (1983-2014 to 2015-2020),declining,15.151515151515152
Long term (1983-2014 to 2015-2020),mixed,6.0606060606060606
Long term (1983-2014 to 2015-2020),recovering,42.42424242424242
Long term (1983-2014 to 2015-2020),stable,36.36363636363637
Short term (2009-2014 to 2015-2020),declining,12.12121212121212
Short term (2009-2014 to 2015-2020),recovering,48.48484848484848
Short term (2009-2014 to 2015-2020),stable,39.39393939393939
