time_period,assessment,percentage
Long term (1983-2014 to 2015-2020),declining,15.384615384615383
Long term (1983-2014 to 2015-2020),mixed,11.538461538461538
Long term (1983-2014 to 2015-2020),recovering,46.15384615384615
Long term (1983-2014 to 2015-2020),stable,26.923076923076923
Short term (2009-2014 to 2015-2020),declining,18.51851851851852
Short term (2009-2014 to 2015-2020),mixed,3.7037037037037033
Short term (2009-2014 to 2015-2020),recovering,44.44444444444444
Short term (2009-2014 to 2015-2020),stable,33.33333333333333
