{"data":{"Year":[1998,1998,1998,1998,1998,1999,1999,1999,1999,1999,2000,2000,2000,2000,2000,2001,2001,2001,2001,2001,2002,2002,2002,2002,2002,2003,2003,2003,2003,2003,2004,2004,2004,2004,2004,2005,2005,2005,2005,2005,2006,2006,2006,2006,2006,2007,2007,2007,2007,2007,2008,2008,2008,2008,2008,2009,2009,2009,2009,2009,2010,2010,2010,2010,2010,2011,2011,2011,2011,2011,2012,2012,2012,2012,2012,2013,2013,2013,2013,2013,2014,2014,2014,2014,2014,2015,2015,2015,2015,2015,2016,2016,2016,2016,2016,2017,2017,2017,2017,2017,2018,2018,2018,2018,2018],"Pollutant":["NH3","NOX","SO2","NMVOC","PM2.5","NH3","NOX","SO2","NMVOC","PM2.5","NH3","NOX","SO2","NMVOC","PM2.5","NH3","NOX","SO2","NMVOC","PM2.5","NH3","NOX","SO2","NMVOC","PM2.5","NH3","NOX","SO2","NMVOC","PM2.5","NH3","NOX","SO2","NMVOC","PM2.5","NH3","NOX","SO2","NMVOC","PM2.5","NH3","NOX","SO2","NMVOC","PM2.5","NH3","NOX","SO2","NMVOC","PM2.5","NH3","NOX","SO2","NMVOC","PM2.5","NH3","NOX","SO2","NMVOC","PM2.5","NH3","NOX","SO2","NMVOC","PM2.5","NH3","NOX","SO2","NMVOC","PM2.5","NH3","NOX","SO2","NMVOC","PM2.5","NH3","NOX","SO2","NMVOC","PM2.5","NH3","NOX","SO2","NMVOC","PM2.5","NH3","NOX","SO2","NMVOC","PM2.5","NH3","NOX","SO2","NMVOC","PM2.5","NH3","NOX","SO2","NMVOC","PM2.5","NH3","NOX","SO2","NMVOC","PM2.5"],"Value":[100.0,100.0,100.0,100.0,100.0,97.9764569327,94.1153275139,75.3867237587,90.0115137066,99.1052720069,95.6659444504,89.9073042964,71.1331749944,81.6624751427,90.3651047689,92.1231668816,88.3441888261,65.8297565204,77.8597346337,90.234034605,91.6082486265,83.5187521335,60.051708702,72.1420273548,80.9146555839,88.5025867816,82.8470548182,59.3361644385,67.7460409933,82.1860534053,90.3801411664,80.2089126453,49.4568852638,63.6696040524,79.9064589433,87.6789292181,79.7747844535,42.1464123579,59.721995658,78.5334340501,86.3338668969,76.298771357,38.2095358562,56.8424627957,76.7225349565,84.7084114934,74.0655548472,33.7657467147,53.8731571725,72.8145007182,79.9477989907,65.1166704145,27.8462423218,49.9810649419,73.1428210651,80.905444258,56.3557453998,22.3087258952,44.5534413065,69.6545420533,80.8670244176,54.844334256,22.350482875,43.0766884228,74.6747367042,82.7345806644,51.1477755659,21.7326371512,41.8336905738,67.181767968,81.205468068,52.2149273171,25.2601570399,40.5573808827,71.2021980249,79.469419927,49.2964117405,21.5201365048,38.8735065034,72.2201821842,84.0579778738,45.9869989367,17.586382794,38.6308306662,68.1730269431,85.401984403,43.6293503664,13.1520464555,38.376872122,68.368066138,86.046399409,38.9350706874,9.2218907109,37.5108286891,67.2708623352,86.5746949322,38.0185033293,9.3848422012,37.5212505735,67.076940474,86.4915877616,36.7314043619,8.4983214174,37.4489294957,68.4138826257]},"edges":[]}