{"data":{"Year":[1980,1981,1982,1983,1984,1985,1986,1987,1988,1989,1990,1991,1992,1993,1994,1995,1996,1997,1998,1999,2000,2001,2002,2003,2004,2005,2006,2007,2008,2009,2010,2011,2012,2013,2014,2015,2016,2017,2018,2019,2020,2021,1980,1981,1982,1983,1984,1985,1986,1987,1988,1989,1990,1991,1992,1993,1994,1995,1996,1997,1998,1999,2000,2001,2002,2003,2004,2005,2006,2007,2008,2009,2010,2011,2012,2013,2014,2015,2016,2017,2018,2019,2020,2021],"Woodland Type":["Broadleaf","Broadleaf","Broadleaf","Broadleaf","Broadleaf","Broadleaf","Broadleaf","Broadleaf","Broadleaf","Broadleaf","Broadleaf","Broadleaf","Broadleaf","Broadleaf","Broadleaf","Broadleaf","Broadleaf","Broadleaf","Broadleaf","Broadleaf","Broadleaf","Broadleaf","Broadleaf","Broadleaf","Broadleaf","Broadleaf","Broadleaf","Broadleaf","Broadleaf","Broadleaf","Broadleaf","Broadleaf","Broadleaf","Broadleaf","Broadleaf","Broadleaf","Broadleaf","Broadleaf","Broadleaf","Broadleaf","Broadleaf","Broadleaf","Conifer","Conifer","Conifer","Conifer","Conifer","Conifer","Conifer","Conifer","Conifer","Conifer","Conifer","Conifer","Conifer","Conifer","Conifer","Conifer","Conifer","Conifer","Conifer","Conifer","Conifer","Conifer","Conifer","Conifer","Conifer","Conifer","Conifer","Conifer","Conifer","Conifer","Conifer","Conifer","Conifer","Conifer","Conifer","Conifer","Conifer","Conifer","Conifer","Conifer","Conifer","Conifer"],"Value":[0.8487576739,0.8494325636,0.8498097657,0.8503148148,0.8508049329,0.8512959842,0.8519335462,0.8528137376,0.8540149463,0.8550845752,0.8577023659,0.8610415123,0.8642080185,0.8682797189,0.8736196241,0.8781037943,0.8820961735,0.8859915009,0.8895247508,0.8936076494,0.8984436321,0.9033020114,0.907675132,0.9126613583,0.9167778517,0.921555958,0.9248717747,0.9277572602,0.9301072254,0.9324305948,0.9345453962,0.9370683962,0.9581190633,0.9589880119,0.9626019126,0.9655232235,0.9658032542,0.966427003,0.9676900591,0.968,0.971,0.979,0.3383525816,0.3392719932,0.340237131,0.3416072731,0.3429251567,0.3435739432,0.3441779366,0.3446718136,0.3452636755,0.3460543068,0.3469121278,0.3477783475,0.348466328,0.3493138839,0.3498833493,0.3503921573,0.3507703188,0.3511951397,0.3517160792,0.3524049929,0.3530948397,0.3537090982,0.354310292,0.3547901712,0.3549676968,0.3551393434,0.3552095523,0.355263085,0.3553071646,0.3553073842,0.3553076038,0.3553166038,0.3395652567,0.3392361783,0.3393112244,0.3395150166,0.3394775574,0.3395014292,0.3397396516,0.34,0.34,0.342]},"edges":[]}