{"data":{"Year":[1973,1974,1975,1976,1977,1978,1979,1980,1981,1982,1983,1984,1985,1986,1987,1988,1989,1990,1991,1992,1993,1994,1995,1996,1997,1998,1999,2000,2001,2002,2003,2004,2005,2006,2007,2008,2009,2010,2011,2012,2013,2014,2015,2016,2017,2018,2019,2020],"Value":[100.0,97.0244613778,96.7465306534,98.2718076009,97.9257703816,98.4223118185,100.460104008,98.6338315162,96.8815454278,100.5875385464,101.9084879927,100.7585203441,101.4061008733,101.9192399076,101.7280736918,102.1954878611,100.590334882,99.5526048273,98.8923951687,98.0543052773,97.9783768494,98.8404706684,100.0943130333,99.9321733953,98.8059817404,96.2747880368,93.6925465297,88.8855385502,87.2575360774,85.3287826773,84.3311826392,84.7052846766,83.2199705341,81.7704296695,82.3353599886,82.581148267,82.9904293819,84.4260395624,84.2997417065,84.3608294273,85.6082605471,86.4377890435,87.3581962199,87.676089147,88.070007358,86.8762742903,87.0610497043,86.0030559198]},"edges":[]}