{"data":{"Year":[2001,2002,2003,2004,2005,2006,2007,2008,2009,2010,2011,2012,2013,2014,2015,2016,2017,2018,2001,2002,2003,2004,2005,2006,2007,2008,2009,2010,2011,2012,2013,2014,2015,2016,2017,2018,2001,2002,2003,2004,2005,2006,2007,2008,2009,2010,2011,2012,2013,2014,2015,2016,2017,2018,2001,2002,2003,2004,2005,2006,2007,2008,2009,2010,2011,2012,2013,2014,2015,2016,2017,2018],"Series":["J2a","J2a","J2a","J2a","J2a","J2a","J2a","J2a","J2a","J2a","J2a","J2a","J2a","J2a","J2a","J2a","J2a","J2a","J2a","J2a","J2a","J2a","J2a","J2a","J2a","J2a","J2a","J2a","J2a","J2a","J2a","J2a","J2a","J2a","J2a","J2a","J2a","J2a","J2a","J2a","J2a","J2a","J2a","J2a","J2a","J2a","J2a","J2a","J2a","J2a","J2a","J2a","J2a","J2a","J2b","J2b","J2b","J2b","J2b","J2b","J2b","J2b","J2b","J2b","J2b","J2b","J2b","J2b","J2b","J2b","J2b","J2b"],"Category":["Biomass","Biomass","Biomass","Biomass","Biomass","Biomass","Biomass","Biomass","Biomass","Biomass","Biomass","Biomass","Biomass","Biomass","Biomass","Biomass","Biomass","Biomass","Metal ores","Metal ores","Metal ores","Metal ores","Metal ores","Metal ores","Metal ores","Metal ores","Metal ores","Metal ores","Metal ores","Metal ores","Metal ores","Metal ores","Metal ores","Metal ores","Metal ores","Metal ores","Non-metallic mineral materials","Non-metallic mineral materials","Non-metallic mineral materials","Non-metallic mineral materials","Non-metallic mineral materials","Non-metallic mineral materials","Non-metallic mineral materials","Non-metallic mineral materials","Non-metallic mineral materials","Non-metallic mineral materials","Non-metallic mineral materials","Non-metallic mineral materials","Non-metallic mineral materials","Non-metallic mineral materials","Non-metallic mineral materials","Non-metallic mineral materials","Non-metallic mineral materials","Non-metallic mineral materials",null,null,null,null,null,null,null,null,null,null,null,null,null,null,null,null,null,null],"Value":[4.4213883694,4.749899256,4.6572022757,4.945527303,4.7750702545,4.6088685666,4.4048492188,4.2854270707,4.1024156856,4.0127771339,4.1075775609,4.0457963116,4.1023358405,4.3430252969,4.304065105,3.9235306768,3.8240813692,3.6913307597,1.2412538567,1.1605119599,1.0791281125,1.1142270812,1.0646063209,1.061393094,1.0998295435,0.8964693402,0.775179926,0.7844838854,0.7704608883,0.797588641,0.8456063029,0.8485132168,0.81830299,0.7833604964,0.6850089111,0.7400742845,10.10772861,9.6440357483,10.0532761157,10.66121759,10.1890122968,9.8658008673,9.3825362669,7.6663149794,6.272982034,5.9856890677,6.2573075576,6.0727369563,6.6144211323,7.9839863063,9.060152534,8.3048854329,7.4835138681,7.394907603,1.5345876544,1.5833766099,1.6062356664,1.5449125914,1.6584202679,1.745075219,1.8538190251,2.1300410281,2.3367409612,2.460273118,2.4008777731,2.4767317034,2.377691203,2.1332405723,2.0114121631,2.2117800007,2.4275111495,2.4803042377]},"edges":[]}