{"data":{"Year":[2010,2011,2012,2013,2014,2015,2016,2017,2018,2019,2010,2011,2012,2013,2014,2015,2016,2017,2018,2019],"Destination":["Landfill","Landfill","Landfill","Landfill","Landfill","Landfill","Landfill","Landfill","Landfill","Landfill","Incineration","Incineration","Incineration","Incineration","Incineration","Incineration","Incineration","Incineration","Incineration","Incineration"],"Value":[24.612296,23.068274,21.250142,19.281184,17.051546,15.161447,14.550501,13.658447,13.749225,13.75524,5.968552,null,7.036313,null,8.599041,10.366875,11.639106,12.992265,14.346646,15.296421]},"edges":[]}