{"data":{"Year":[2010,2011,2012,2013,2014,2015,2016,2017,2018,2019,2010,2011,2012,2013,2014,2015,2016,2017,2018,2019],"Waste type":["Landfill","Landfill","Landfill","Landfill","Landfill","Landfill","Landfill","Landfill","Landfill","Landfill","Incineration","Incineration","Incineration","Incineration","Incineration","Incineration","Incineration","Incineration","Incineration","Incineration"],"Value":[25.734955419,null,22.351703092,null,18.659571379,null,15.802853055,null,14.632433653,14.5266945605,5.96855221,null,7.036313,null,8.597861,null,11.639106,null,14.346646,15.2889966189]},"edges":[]}