year,influence,percentage
2013,Strongly positive influence,13.836477987421384
2018,Strongly positive influence,9.433962264150944
2013,Positive influence,63.52201257861635
2018,Positive influence,50.31446540880504
2013,Neutral influence,22.641509433962263
2018,Neutral influence,40.25157232704403
