year,influence,percentage
2013,Strongly positive influence,13.836477987421384
2018,Strongly positive influence,9.433962264150944
2023,Strongly positive influence,24.52830188679245
2013,Positive influence,63.52201257861635
2018,Positive influence,50.31446540880504
2023,Positive influence,58.490566037735846
2013,Neutral influence,22.641509433962263
2018,Neutral influence,40.25157232704403
2023,Neutral influence,16.9811320754717
