year,source,value
2016,Crematoria,410.3099347905
2017,Crematoria,384.4355439996
2018,Crematoria,362.1714683123
2019,Crematoria,337.19386486120004
2020,Crematoria,368.0136816395
2016,Larger industrial sites,1409.30926149752
2017,Larger industrial sites,1346.6586200520003
2018,Larger industrial sites,1649.879675254
2019,Larger industrial sites,1295.2614268050008
2020,Larger industrial sites,1110.6313824999995
