year,response,percentage
2021,Agree,85.39398258253618
2022,Agree,87.12811941677603
2023,Agree,88.21099611841646
2021,Neither agree nor disagree,12.20387318795978
2022,Neither agree nor disagree,10.423068960764413
2023,Neither agree nor disagree,9.896418822721891
2021,Disagree,2.4021442295040303
2022,Disagree,2.3987611075045
2023,Disagree,1.89258505886164
2021,Don't know and prefer not to say,0.0
2022,Don't know and prefer not to say,0.0500505149550499
2023,Don't know and prefer not to say,0.0
