year,value
2001,1.7119554
2002,1.5178931
2003,1.4809322
2004,1.3862574
2005,1.4817663
2006,1.5894116
2007,1.6566377
2008,1.9169377
2009,2.1420124
2010,2.2224507
2011,2.1324136
2012,2.1159484
2013,2.3350108
2014,2.0086203
2015,1.9533252
2016,2.48964
2017,2.5955539
2018,2.2667406
2019,2.328954
2020,2.3360968
