year,value
2001,1.422086460993484
2002,1.3235592704344026
2003,1.3041573771359276
2004,1.361711576335363
2005,1.4412959057980608
2006,1.5577721506809334
2007,1.6432042784391716
2008,1.8807688654883723
2009,2.075622097295101
2010,2.1970487165938777
2011,2.1502583264287765
2012,2.2392447850388573
2013,2.2671886053095167
2014,2.0066368443291656
2015,2.0025793347342025
2016,2.3361982138167425
2017,2.478411573330001
2018,2.3046350401053672
2019,2.369926935921099
