year,value
2020/2021,33.975714189528645
2021/2022,35.69829753945685
2022/2023,35.38553784503289
