year,value
2021,12.689788120524115
2022,12.387302052550378
2023,14.416194858049828
