Year,Value,Series
2001,1.6289281761187973,J2b
2002,1.6010478573169464,J2b
2003,1.618999982010382,J2b
2004,1.5193386322225515,J2b
2005,1.5800457992822488,J2b
2006,1.615954449131561,J2b
2007,1.6192936728585734,J2b
2008,1.7562718289189656,J2b
2009,1.9468215553498407,J2b
2010,1.849078929839656,J2b
2011,1.8527928840429169,J2b
2012,1.905400681667521,J2b
2013,1.809088340114684,J2b
2014,1.7873144722791714,J2b
2015,1.7398372059877094,J2b
2016,1.8818365590983093,J2b
2017,1.8877285211250288,J2b
