{"data":{"Year":[1973,1974,1975,1976,1977,1978,1979,1980,1981,1982,1983,1984,1985,1986,1987,1988,1989,1990,1991,1992,1993,1994,1995,1996,1997,1998,1999,2000,2001,2002,2003,2004,2005,2006,2007,2008,2009,2010,2011,2012,2013,2014,2015,2016,2017,2018,2019,2020],"Value":[100.0,103.1082566008,99.1326592744,96.5322123587,102.981243121,107.5970747606,110.1151830404,113.1339782985,113.0931825652,120.2249841989,118.9025465779,128.5559681871,124.5193219611,125.6654574011,123.8869082977,123.9386278696,125.8229685693,125.2563352757,127.7365703327,128.1249368015,124.9532259633,127.1652651175,127.3428189023,126.1477364037,126.5329440355,126.3251494907,128.116956428,123.9264289431,119.3284747818,123.6200586956,122.3972515529,123.3603055321,124.8613090226,121.0482998777,120.0488634795,125.3956345964,122.5418914144,124.1653162646,129.7890187959,123.0496158925,125.2947937482,134.1886760771,136.8023995917,133.1002651806,138.3991999988,135.2320526308,140.5523794954,132.6037749043]},"edges":[]}