{"Year":[2005,2005,2005,2005,2005,2006,2006,2006,2006,2006,2007,2007,2007,2007,2007,2008,2008,2008,2008,2008,2009,2009,2009,2009,2009,2010,2010,2010,2010,2010,2011,2011,2011,2011,2011,2012,2012,2012,2012,2012,2013,2013,2013,2013,2013,2014,2014,2014,2014,2014,2015,2015,2015,2015,2015,2016,2016,2016,2016,2016,2017,2017,2017,2017,2017,2018,2018,2018,2018,2018,2019,2019,2019,2019,2019],"Pollutant":["NOx","PM2.5","SO2","NMVOC","NH3","NOx","PM2.5","SO2","NMVOC","NH3","NOx","PM2.5","SO2","NMVOC","NH3","NOx","PM2.5","SO2","NMVOC","NH3","NOx","PM2.5","SO2","NMVOC","NH3","NOx","PM2.5","SO2","NMVOC","NH3","NOx","PM2.5","SO2","NMVOC","NH3","NOx","PM2.5","SO2","NMVOC","NH3","NOx","PM2.5","SO2","NMVOC","NH3","NOx","PM2.5","SO2","NMVOC","NH3","NOx","PM2.5","SO2","NMVOC","NH3","NOx","PM2.5","SO2","NMVOC","NH3","NOx","PM2.5","SO2","NMVOC","NH3","NOx","PM2.5","SO2","NMVOC","NH3","NOx","PM2.5","SO2","NMVOC","NH3"],"Value":[100.0,100.0,100.0,100.0,100.0,95.8508362177,97.7474215498,90.673558263,95.4014199534,99.3436782814,92.8585730222,92.5759316601,80.3475234333,90.7823564195,97.2956606804,81.9081095814,93.0843195021,66.9169950475,84.4034005719,91.8872580648,70.6823432978,88.5239930344,54.0447850533,75.7228404172,93.5744329632,68.7194487638,94.9341135301,52.8029896418,72.0293557585,94.4374027129,64.8794829474,85.7987692771,52.4211212521,70.4801989291,94.0449072315,66.3505822019,90.7603312704,59.0735477716,68.7458254416,93.216346176,62.6045044422,92.8145700215,50.4553077238,66.1227065038,91.5055635952,58.5129863247,87.7235344067,41.5098390572,65.6645537184,96.1268494869,55.9063764791,87.2300798046,32.6761122239,65.2210221966,97.3559385844,50.1219803256,85.4294107029,23.5912173709,63.2710325449,98.5234550787,49.0637644212,85.950176627,24.0998304495,63.3887018119,98.6620898176,48.5351628088,87.7408064065,22.1781905587,63.5963994417,98.4348742332,46.7020266078,85.2850486405,19.9776355646,62.9236954826,97.3361154916]}