{"Year":[2005,2006,2007,2008,2009,2010,2011,2012,2013,2014,2015,2016,2017,2005,2006,2007,2008,2009,2010,2011,2012,2013,2014,2015,2016,2017],"Series":["K1i (interim)","K1i (interim)","K1i (interim)","K1i (interim)","K1i (interim)","K1i (interim)","K1i (interim)","K1i (interim)","K1i (interim)","K1i (interim)","K1i (interim)","K1i (interim)","K1i (interim)","K1ii (interim)","K1ii (interim)","K1ii (interim)","K1ii (interim)","K1ii (interim)","K1ii (interim)","K1ii (interim)","K1ii (interim)","K1ii (interim)","K1ii (interim)","K1ii (interim)","K1ii (interim)","K1ii (interim)"],"Value":[74.9505817409,83.038796683,71.593208755,61.21938943,53.8469045794,51.6136199448,45.2531075599,52.9732795945,41.4394910746,39.604862768,35.6634487418,33.0146433866,31.1255167604,709.1571943565,697.9681796411,571.5810663696,518.1902875354,487.083490239,516.9726107793,489.6054847148,505.0405526497,455.7413116995,441.6855102574,460.0793636622,361.9132999239,366.939946464]}