{"Year":[1995,1995,1995,1995,1996,1996,1996,1996,1997,1997,1997,1997,1998,1998,1998,1998,1999,1999,1999,1999,2000,2000,2000,2000,2001,2001,2001,2001,2002,2002,2002,2002,2003,2003,2003,2003,2004,2004,2004,2004,2005,2005,2005,2005,2006,2006,2006,2006,2007,2007,2007,2007,2008,2008,2008,2008,2009,2009,2009,2009,2010,2010,2010,2010,2011,2011,2011,2011,2012,2012,2012,2012,2013,2013,2013,2013,2014,2014,2014,2014,2015,2015,2015,2015,2016,2016,2016,2016,2017,2017,2017,2017,2018,2018,2018,2018,2019,2019,2019,2019],"Condition":["Excellent","Good","Sufficient","Poor","Excellent","Good","Sufficient","Poor","Excellent","Good","Sufficient","Poor","Excellent","Good","Sufficient","Poor","Excellent","Good","Sufficient","Poor","Excellent","Good","Sufficient","Poor","Excellent","Good","Sufficient","Poor","Excellent","Good","Sufficient","Poor","Excellent","Good","Sufficient","Poor","Excellent","Good","Sufficient","Poor","Excellent","Good","Sufficient","Poor","Excellent","Good","Sufficient","Poor","Excellent","Good","Sufficient","Poor","Excellent","Good","Sufficient","Poor","Excellent","Good","Sufficient","Poor","Excellent","Good","Sufficient","Poor","Excellent","Good","Sufficient","Poor","Excellent","Good","Sufficient","Poor","Excellent","Good","Sufficient","Poor","Excellent","Good","Sufficient","Poor","Excellent","Good","Sufficient","Poor","Excellent","Good","Sufficient","Poor","Excellent","Good","Sufficient","Poor","Excellent","Good","Sufficient","Poor","Excellent","Good","Sufficient","Poor"],"Value":[12.4324324324,17.027027027,16.2162162162,54.3243243243,16.1803713528,19.3633952255,16.7108753316,47.7453580902,20.6266318538,19.0600522193,16.7101827676,43.6031331593,24.3718592965,20.351758794,17.3366834171,37.9396984925,24.25,21.75,17.0,37.0,26.1728395062,21.975308642,18.024691358,33.8271604938,29.802955665,28.078817734,15.0246305419,27.0935960591,36.855036855,29.2383292383,12.285012285,21.6216216216,45.2554744526,27.4939172749,11.9221411192,15.3284671533,46.004842615,29.5399515738,14.0435835351,10.411622276,51.2077294686,26.0869565217,14.2512077295,8.4541062802,52.784503632,26.392251816,12.5907990315,8.2324455206,54.1062801932,25.845410628,11.3526570048,8.6956521739,53.1400966184,22.7053140097,14.7342995169,9.4202898551,52.1739130435,23.1884057971,12.8019323671,11.8357487923,51.3317191283,24.4552058111,12.5907990315,11.6222760291,53.3816425121,24.154589372,12.077294686,10.38647343,50.0,28.6057692308,9.8557692308,11.5384615385,55.1807228916,27.9518072289,7.2289156627,9.6385542169,60.8173076923,24.7596153846,8.8942307692,5.5288461538,63.6144578313,26.5060240964,6.9879518072,2.8915662651,69.4915254237,23.7288135593,5.3268765133,1.4527845036,65.617433414,26.392251816,6.2953995157,1.6949152542,67.1428571429,25.2380952381,5.4761904762,2.1428571429,71.4285714286,21.9047619048,5.0,1.6666666667]}