{"Year":[1984,1984,1984,1985,1985,1985,1986,1986,1986,1987,1987,1987,1988,1988,1988,1989,1989,1989,1990,1990,1990,1991,1991,1991,1992,1992,1992,1993,1993,1993,1994,1994,1994,1995,1995,1995,1996,1996,1996,1997,1997,1997,1998,1998,1998,1999,1999,1999,2000,2000,2000,2001,2001,2001,2002,2002,2002,2003,2003,2003,2004,2004,2004,2005,2005,2005,2006,2006,2006,2007,2007,2007,2008,2008,2008,2009,2009,2009,2010,2010,2010,2011,2011,2011,2012,2012,2012,2013,2013,2013,2014,2014,2014,2015,2015,2015,2016,2016,2016,2017,2017,2017,2018,2018,2018,2019,2019,2019,2020,2020,2020,2021,2021,2021],"Category":["Grassland","Crops","Uncropped arable","Grassland","Crops","Uncropped arable","Grassland","Crops","Uncropped arable","Grassland","Crops","Uncropped arable","Grassland","Crops","Uncropped arable","Grassland","Crops","Uncropped arable","Grassland","Crops","Uncropped arable","Grassland","Crops","Uncropped arable","Grassland","Crops","Uncropped arable","Grassland","Crops","Uncropped arable","Grassland","Crops","Uncropped arable","Grassland","Crops","Uncropped arable","Grassland","Crops","Uncropped arable","Grassland","Crops","Uncropped arable","Grassland","Crops","Uncropped arable","Grassland","Crops","Uncropped arable","Grassland","Crops","Uncropped arable","Grassland","Crops","Uncropped arable","Grassland","Crops","Uncropped arable","Grassland","Crops","Uncropped arable","Grassland","Crops","Uncropped arable","Grassland","Crops","Uncropped arable","Grassland","Crops","Uncropped arable","Grassland","Crops","Uncropped arable","Grassland","Crops","Uncropped arable","Grassland","Crops","Uncropped arable","Grassland","Crops","Uncropped arable","Grassland","Crops","Uncropped arable","Grassland","Crops","Uncropped arable","Grassland","Crops","Uncropped arable","Grassland","Crops","Uncropped arable","Grassland","Crops","Uncropped arable","Grassland","Crops","Uncropped arable","Grassland","Crops","Uncropped arable","Grassland","Crops","Uncropped arable","Grassland","Crops","Uncropped arable","Grassland","Crops","Uncropped arable","Grassland","Crops","Uncropped arable"],"Value":[4817.567,4338.735,33.336,4744.702,4395.629,32.575,4707.587,4416.442,36.648,4692.2,4443.7,31.521,4660.638,4435.448,47.148,4655.653,4361.763,43.273,4691.827,4265.726,106.436,4687.217,4222.054,129.381,4619.0283,4243.7307,166.6356,4576.2826,3839.0257,616.4684,4540.99913,3804.29456,660.97778,4477.03106,3852.07787,577.10125,4426.0533493032,4000.3903174952,459.7810602188,4348.579813,4227.8289018,280.881963,4309.446,4215.79,290.684,4267.554,3992.173,517.818,4133.307,3971.208,505.366,4315.783,3785.852,733.228,4316.096,3902.2057846,538.715,4315.972,3813.0046619,606.759,4329.173,3911.4307004711,496.3172721289,4403.086,3869.9489089848,530.3030027152,4589.696,3787.4497633977,493.6059232892,4571.333,3799.7750922,423.465,4643.26682,4030.9908397177,159.42257,4397.1795397,3900.7855974712,220.7027299,4368.104,3917.8420937,149.316,4355.788,3961.4054055,138.598,4347.1,4036.0067992,136.106,4412.696,3960.1333833,237.422,4399.743,4009.5326407,146.305,4341.348,3983.870082,178.809,4387.975,3992.7551794,216.19,4397.513,4054.1683875,200.049,4408.069,3991.7414029,225.394,4431.719,4027.6478678,190.909,4389.764,3803.2133742,326.162,4313.954,3876.459826,230.909]}