{"Year":[1973,1974,1975,1976,1977,1978,1979,1980,1981,1982,1983,1984,1985,1986,1987,1988,1989,1990,1991,1992,1993,1994,1995,1996,1997,1998,1999,2000,2001,2002,2003,2004,2005,2006,2007,2008,2009,2010,2011,2012,2013,2014,2015,2016,2017,2018,2019],"Value":[100.0,106.2703725809,102.4663712537,98.2298125122,105.1625560052,109.32183239,109.6108590846,114.700987034,116.7334625659,119.5227420178,116.6758028894,127.5881858409,122.7927322801,123.2990527746,121.7824183647,121.2760274094,125.0845508337,125.8192445019,129.1672328441,130.6673240294,127.5314308945,128.6570817172,127.2228311912,126.2333562031,128.0620280338,131.2131161924,136.7418873468,139.4224875772,136.7543482731,144.874982177,145.1387822659,145.6347216151,150.0376751173,148.0343204346,145.8047471902,151.8453511824,147.6578592582,147.0612072459,153.8927156893,145.8612940973,146.3366667157,155.1683773119,156.4941738799,151.5728273917,156.0531726053,153.6244374826,159.7696473883]}