{"Year":[2000,2001,2002,2003,2004,2005,2006,2007,2008,2009,2010,2011,2012,2013,2014,2015,2016,2017,2018,2019],"Value":[100.0,88.1297277325,107.2482310821,107.9871393625,112.988443142,119.852671743,115.9647380323,134.5049644125,126.2640421717,128.9026903631,132.1145075224,142.2200162082,127.73152964,128.4557256354,128.1014412485,129.6208404586,135.2035178803,140.2831573623,148.6278835253,142.0]}