{"Year":[2001,2002,2003,2004,2005,2006,2007,2008,2009,2010,2011,2012,2013,2014,2015,2016,2017,2001,2002,2003,2004,2005,2006,2007,2008,2009,2010,2011,2012,2013,2014,2015,2016,2017,2001,2002,2003,2004,2005,2006,2007,2008,2009,2010,2011,2012,2013,2014,2015,2016,2017,2001,2002,2003,2004,2005,2006,2007,2008,2009,2010,2011,2012,2013,2014,2015,2016,2017],"Series":["J2a","J2a","J2a","J2a","J2a","J2a","J2a","J2a","J2a","J2a","J2a","J2a","J2a","J2a","J2a","J2a","J2a","J2a","J2a","J2a","J2a","J2a","J2a","J2a","J2a","J2a","J2a","J2a","J2a","J2a","J2a","J2a","J2a","J2a","J2a","J2a","J2a","J2a","J2a","J2a","J2a","J2a","J2a","J2a","J2a","J2a","J2a","J2a","J2a","J2a","J2a","J2b","J2b","J2b","J2b","J2b","J2b","J2b","J2b","J2b","J2b","J2b","J2b","J2b","J2b","J2b","J2b","J2b"],"Raw material":["Non-metallic mineral materials","Non-metallic mineral materials","Non-metallic mineral materials","Non-metallic mineral materials","Non-metallic mineral materials","Non-metallic mineral materials","Non-metallic mineral materials","Non-metallic mineral materials","Non-metallic mineral materials","Non-metallic mineral materials","Non-metallic mineral materials","Non-metallic mineral materials","Non-metallic mineral materials","Non-metallic mineral materials","Non-metallic mineral materials","Non-metallic mineral materials","Non-metallic mineral materials","Metal ores","Metal ores","Metal ores","Metal ores","Metal ores","Metal ores","Metal ores","Metal ores","Metal ores","Metal ores","Metal ores","Metal ores","Metal ores","Metal ores","Metal ores","Metal ores","Metal ores","Biomass","Biomass","Biomass","Biomass","Biomass","Biomass","Biomass","Biomass","Biomass","Biomass","Biomass","Biomass","Biomass","Biomass","Biomass","Biomass","Biomass",null,null,null,null,null,null,null,null,null,null,null,null,null,null,null,null,null],"Value":[8.3664789725,8.5190204656,8.8526156825,9.6715196332,9.7688217734,9.710911676,10.103238176,8.9764127426,7.1595661393,7.9397421079,7.9558235196,7.5497220905,8.2688279834,8.6316192876,9.0131049943,8.4870320137,8.4928320652,1.3722834248,1.4147603973,1.4406366326,1.4616003815,1.3873796754,1.5075819706,1.5559846869,1.4213194463,1.241582021,1.2865523953,1.2789406072,1.3864946688,1.4355971638,1.3646155144,1.4072103935,1.3109226348,1.3279245615,4.497399774,4.8190439414,4.7331272745,5.1398379339,4.9263805073,4.8035193362,4.651092276,4.5222693774,4.3732795543,4.395455303,4.4717401719,4.519530089,4.5877730792,4.8581785074,5.1030873543,4.7138312496,4.8400163274,1.6289281761,1.6010478573,1.618999982,1.5193386322,1.5800457993,1.6159544491,1.6192936729,1.7562718289,1.9468215553,1.8490789298,1.852792884,1.9054006817,1.8090883401,1.7873144723,1.739837206,1.8818365591,1.8877285211]}