Red List Index category,Percentage
Threatened Categories,12.035355369899504
Extinct,1.7798764983654196
Critically Endangered,1.9493885458287927
Endangered,3.656617023852767
Vulnerable,6.4293498002179446
Near Threatened,5.981353674779029
Least Concern,80.20341445695604
