year,value
2005,60786.0407674161
2006,67923.9489161494
2007,58760.3444174368
2008,51830.9242168023
2009,46748.1887631307
2010,44686.8382887971
2011,37422.5315788476
2012,41239.7686737075
2013,36412.8110446803
2014,37927.0934022198
2015,37041.3455269943
2016,35333.1680266007
2017,30831.5362703122
2018,32886.3532462945
2019,30146.4814399401
2020,30961.1206533141
2021,30656.0854251789
