year,value
2005,72886.8509057391
2006,80021.6614589318
2007,66307.3180832534
2008,55950.7811560359
2009,49164.1438060001
2010,47214.2697483995
2011,42990.3421706805
2012,50542.3993743056
2013,42118.9415633228
2014,41191.8473718369
2015,36660.0366611937
2016,36727.0111403317
2017,36047.528137951
2018,35977.2534179332
