year,value
2005,90.6938227405863
2006,88.6823585123468
2007,79.2370383415787
2008,76.4891364040106
2009,70.2144061968814
2010,73.2610627792698
2011,67.9775488524493
2012,71.6474119321321
2013,67.7979081392336
2014,70.2779991671833
2015,70.5999991604181
2016,60.2833059608982
2017,61.4081793142786
2018,62.6461959381072
