year,value
2005,94.0189173855988
2006,91.7124448413764
2007,81.7879979758651
2008,78.71288911376
2009,72.2173367448153
2010,75.6755236100995
2011,70.2001777499689
2012,74.6442707516633
2013,70.7600513995114
2014,73.1411321025804
2015,73.5709090641616
2016,62.7270572844735
2017,63.4431306221934
2018,65.6503651763558
2019,67.1756258839647
2020,67.0701803250439
2021,71.432409582511
